model,accuracy_mean,accuracy_std,precision_mean,precision_std,recall_mean,recall_std,f1_mean,f1_std,roc_auc_mean,roc_auc_std
Random Forest,0.9781194669648681,0.005086099493516198,0.9726272577996717,0.02515026923430691,0.9200000000000002,0.016329931618554516,0.9452812041793555,0.012446377981050949,0.9907633362805777,0.006443977351427911
Decision Tree,0.9671792004473023,0.014595108904187255,0.9155990783410137,0.042362338621007835,0.9266666666666667,0.038873012632301994,0.9206225496453253,0.0347989569753651,0.9666219667943807,0.019652798899374862
Support Vector Machine,0.8988071941105209,0.018814471447805306,0.698210585047027,0.0492407599053616,0.9066666666666666,0.04422166387140532,0.7870466587403208,0.03180947567411769,0.9705295215640044,0.011186118573159366
Logistic Regression,0.8577858540676544,0.02609030568621468,0.6112843922994298,0.05450405006057981,0.8800000000000001,0.06863753427324665,0.7185423856107003,0.04023442957388888,0.941070832105315,0.0166347357278869
