,not_poor_air_quality,poor_air_quality
Weekday,415.6812585499316,107.3187414500684
Weekend,165.3187414500684,42.6812585499316
