season,n,shapiro_statistic,p_value,normality_decision_alpha_0_05
Winter,181,0.9891952392891629,0.18552924467978227,Approximately normal
Spring,184,0.943077265600776,1.0949769985760517e-06,Not normal
Summer,184,0.9203503279450014,1.8485439771521565e-08,Not normal
Fall,182,0.9720532027353564,0.0010289470623496048,Not normal
